{"cameraMode":{"drawMode":0,"name":"Shaded","section":"Shading Mode"},"sceneLighting":true,"audioPlay":false,"sceneViewState":{"m_AlwaysRefresh":false,"showFog":true,"showSkybox":true,"showFlares":true,"showImageEffects":true,"showParticleSystems":true,"showVisualEffectGraphs":true,"m_FxEnabled":true},"in2DMode":false,"pivot":{"x":9.562583923339844,"y":0.5105524063110352,"z":4.399937152862549},"rotation":{"x":0.07384689152240753,"y":-0.8888053297996521,"z":0.15431779623031617,"w":0.4253002107143402},"size":10.524075508117676,"orthographic":false}